1,Tag
2,Iron
3,Irons
4,Ironed
5,Dryer
6,Thing
7,Closet
8,Rinse
9,Tool
10,Washer
11,Fixture
12,Silverfish
13,Kit
14,Van
15,Dresser
16,Plate
17,Gear
18,Stuff
19,Equipage
20,Brush
21,Flute
22,Dismantle
23,Dismantled
24,Dismantling
25,Card
26,Cards
27,Grinder
28,Jig
29,Lathe
30,Mill
31,Linen
32,Fitting
33,Press
34,Apron
35,House
36,Tent
37,Geared
38,Gwar
39,Adjuster
40,Dock
41,Toaster
42,Stove
43,Drier
44,Heater
45,Vacuum cleaner
46,Dust
47,Refrigerator
48,Launder
49,Trimming
50,Equipment
51,Switch
52,Scarf
53,Smoothing iron
54,Gig
55,Sander
56,Cooker
57,Router
58,Utility
59,Beam
60,Coin
61,Coining
62,Mantelpiece
63,Plug
64,Sewing machine
65,Movable
66,Scrub
67,Scrubbing
68,Implement
69,Indicator
70,Filling
71,White goods
72,Tackle
73,Loom
74,Clout
75,Duffel
76,Pocket
77,Die
78,Rubber
79,Molding
80,Piecing
81,Post
82,Buckle
83,Overlook
84,Overlooked
85,Overlooking
86,Tenter
87,Panel
88,Automaton
89,Brake
90,Dir
91,Drill
92,Motion
93,Ironware
94,Janitor
95,Battery
96,Comb
97,Drag
98,Shield
99,Fret
100,Jack
101,Jacked
102,Jacking
103,Jacks
104,Shackled
105,Shackles
106,Sight
107,Trombone
108,Shields
109,Shim
110,Feed
111,Gun
112,Overalls
113,Pick
114,Head
115,Duster
116,Pressed
117,Set
118,Brick
119,Manufacture
120,Needle
121,Box
122,Piece
123,Cat suit
124,Leotard
125,Shears
126,Stock
127,Unitard
128,Apparel
129,Gasman
130,Tray
131,Appointment
132,Foot
133,Glute
134,Bamboo
135,Cane
136,Fiberboard
137,Fibreboard
138,Nox
139,Range
140,Sweeper
141,Vacuum
142,Make
143,Hemp
144,Pipe
145,Pipes
146,Belt
147,Oilskin
148,Damask
149,Mount
150,Rod
151,Dredge
152,Drum
153,Elevator
154,Load
155,Mirror
156,Plant
157,Screen
158,Squeezer
159,Stamp
160,Tongs
161,Vane
162,Earplug
163,Pib
164,Pim
165,Pin
166,Pinning
167,Ribbon
168,Stay
169,Cabinetmaker
170,Durable
171,Intercom
172,Bore
173,Deckle
174,Filter
175,Spin
176,Creeper
177,Former
178,Key
179,Leaf
180,Screed
181,Tail
182,Trampoline
183,Trampolining
184,Veil
185,Vac
186,Chattel
187,Lamp
188,Beech
189,Stuffed
190,Burlap
191,Things
192,Table
193,Rattan
194,Stays
195,Eod
196,Furnishings
197,Business
198,Mail
199,Sequin
200,Stain
201,Wristband
202,Pan
203,Address
204,Addressing
205,Bed
206,Cabinet
207,Tables
208,Antique
209,Cabinetmaking
210,Bedding
211,Cedar
212,Upholstery
213,Ruggedisation
214,Ruggedization
215,Store
216,Mahogany
217,Furnishing
218,Accoutrement
219,Property
220,Bare
221,Quartermaster
222,Hope chest
223,Check
224,Pajamas
225,Spear
226,Pattern
227,Willow
228,Dolly
229,Pottery
230,Kimono
231,Valet
232,Fiddle
233,Fiddling
234,Scissors
235,Strip
236,Bib
237,Bugle
238,Furnish
239,Notion
240,Rag
241,Mover
242,Trap
243,Tallboy
244,Plenishing
245,Wedding chest
246,Chest of drawers
247,Directoire
248,Shrank
249,Lounger
250,Mola
